-- MySQL Script generated by MySQL Workbench
-- Thu 14 Dec 2017 05:08:38 PM -05
-- Model: New Model    Version: 1.0
-- MySQL Workbench Forward Engineering

SET @OLD_UNIQUE_CHECKS=@@UNIQUE_CHECKS, UNIQUE_CHECKS=0;
SET @OLD_FOREIGN_KEY_CHECKS=@@FOREIGN_KEY_CHECKS, FOREIGN_KEY_CHECKS=0;
SET @OLD_SQL_MODE=@@SQL_MODE, SQL_MODE='TRADITIONAL,ALLOW_INVALID_DATES';

-- -----------------------------------------------------
-- Schema mydb
-- -----------------------------------------------------
-- -----------------------------------------------------
-- Schema goldfishv2
-- -----------------------------------------------------
DROP SCHEMA IF EXISTS `goldfishv2` ;

-- -----------------------------------------------------
-- Schema goldfishv2
-- -----------------------------------------------------
CREATE SCHEMA IF NOT EXISTS `goldfishv2` DEFAULT CHARACTER SET utf8mb4 ;
USE `goldfishv2` ;

-- -----------------------------------------------------
-- Table `goldfishv2`.`gf_component_blueprints`
-- -----------------------------------------------------
DROP TABLE IF EXISTS `goldfishv2`.`gf_component_blueprints` ;

CREATE TABLE IF NOT EXISTS `goldfishv2`.`gf_component_blueprints` (
  `id` BIGINT(10) UNSIGNED NOT NULL AUTO_INCREMENT,
  `body` MEDIUMTEXT NULL,
  `title` VARCHAR(255) NULL,
  `repeatable` VARCHAR(45) NULL,
  `type` INT NULL,
  `url` VARCHAR(255) NULL,
  `name` VARCHAR(100) NULL,
  `sass` MEDIUMTEXT NULL,
  `version` BIGINT UNSIGNED NULL,
  `data` JSON NULL,
  `updated_at` datetime NOT NULL,
  `created_at` datetime NOT NULL,
  PRIMARY KEY (`id`))
ENGINE = InnoDB;


-- -----------------------------------------------------
-- Table `goldfishv2`.`gf_components`
-- -----------------------------------------------------
DROP TABLE IF EXISTS `goldfishv2`.`gf_components` ;

CREATE TABLE IF NOT EXISTS `goldfishv2`.`gf_components` (
  `id` BIGINT(10) UNSIGNED NOT NULL AUTO_INCREMENT,
  `saved` BIGINT(10) UNSIGNED NULL DEFAULT '0',
  `body` MEDIUMTEXT NULL,
  `title` VARCHAR(255) NULL,
  `gf_component_blueprints_id` BIGINT(10) UNSIGNED NOT NULL,
  `parent_id` BIGINT(10) UNSIGNED NOT NULL,
  `repeatable` VARCHAR(45) NULL,
  `type` INT NULL,
  `url` VARCHAR(255) NULL,
  `data` JSON NULL,
  PRIMARY KEY (`id`),
  INDEX `fk_gf_components_gf_component_blueprints1_idx` (`gf_component_blueprints_id` ASC),
  CONSTRAINT `fk_gf_components_gf_component_blueprints1`
    FOREIGN KEY (`gf_component_blueprints_id`)
    REFERENCES `goldfishv2`.`gf_component_blueprints` (`id`)
    ON DELETE NO ACTION
    ON UPDATE NO ACTION)
ENGINE = InnoDB
DEFAULT CHARACTER SET = utf8;


-- -----------------------------------------------------
-- Table `goldfishv2`.`gf_theme_blueprints`
-- -----------------------------------------------------
DROP TABLE IF EXISTS `goldfishv2`.`gf_theme_blueprints` ;

CREATE TABLE IF NOT EXISTS `goldfishv2`.`gf_theme_blueprints` (
  `id` BIGINT(10) UNSIGNED NOT NULL AUTO_INCREMENT,
  `name` VARCHAR(100) NOT NULL,
  `thumbnail` VARCHAR(255) NULL,
  `folder` VARCHAR(255) NULL,
  `description` MEDIUMTEXT NULL,
  `includes` MEDIUMTEXT NULL,
  `title` VARCHAR(100) NULL,
  `version` BIGINT(10) UNSIGNED NULL,
  `sass` MEDIUMTEXT NULL,
  `unitsass` MEDIUMTEXT NULL,
  `updated_at` datetime NOT NULL,
  `created_at` datetime NOT NULL,
  PRIMARY KEY (`id`))
ENGINE = InnoDB
DEFAULT CHARACTER SET = utf8;


-- -----------------------------------------------------
-- Table `goldfishv2`.`gf_theme_instances`
-- -----------------------------------------------------
DROP TABLE IF EXISTS `goldfishv2`.`gf_theme_instances` ;

CREATE TABLE IF NOT EXISTS `goldfishv2`.`gf_theme_instances` (
  `id` BIGINT(10) UNSIGNED NOT NULL AUTO_INCREMENT,
  `changed` TINYINT(1) NULL DEFAULT 1,
  `body_css` MEDIUMTEXT NULL,
  `gf_theme_blueprints_id` BIGINT(10) UNSIGNED NOT NULL,
  PRIMARY KEY (`id`),
  INDEX `fk_theme_instance_gf_theme_blueprints1_idx` (`gf_theme_blueprints_id` ASC),
  CONSTRAINT `fk_theme_instance_gf_theme_blueprints1`
    FOREIGN KEY (`gf_theme_blueprints_id`)
    REFERENCES `goldfishv2`.`gf_theme_blueprints` (`id`)
    ON DELETE NO ACTION
    ON UPDATE NO ACTION)
ENGINE = InnoDB
DEFAULT CHARACTER SET = utf8;


-- -----------------------------------------------------
-- Table `goldfishv2`.`gf_output_formats`
-- -----------------------------------------------------
DROP TABLE IF EXISTS `goldfishv2`.`gf_output_formats` ;

CREATE TABLE IF NOT EXISTS `goldfishv2`.`gf_output_formats` (
  `id` BIGINT(10) NOT NULL,
  `name` VARCHAR(45) NULL,
  `description` MEDIUMTEXT NULL,
  `default_format` TINYINT(1) NULL DEFAULT 0,
  PRIMARY KEY (`id`))
ENGINE = InnoDB;


-- -----------------------------------------------------
-- Table `goldfishv2`.`gf_projects`
-- -----------------------------------------------------
DROP TABLE IF EXISTS `goldfishv2`.`gf_projects` ;

CREATE TABLE IF NOT EXISTS `goldfishv2`.`gf_projects` (
  `id` BIGINT(10) UNSIGNED NOT NULL AUTO_INCREMENT,
  `title` VARCHAR(255) NULL DEFAULT NULL,
  `user_limit` INT(4) NULL DEFAULT '10',
  `remote_auth` VARCHAR(255) NULL DEFAULT NULL,
  `description` VARCHAR(255) NULL DEFAULT NULL,
  `gf_output_formats_id` BIGINT(10) NOT NULL,
  PRIMARY KEY (`id`),
  INDEX `fk_gf_projects_gf_output_formats1_idx` (`gf_output_formats_id` ASC),
  CONSTRAINT `fk_gf_projects_gf_output_formats1`
    FOREIGN KEY (`gf_output_formats_id`)
    REFERENCES `goldfishv2`.`gf_output_formats` (`id`)
    ON DELETE NO ACTION
    ON UPDATE NO ACTION)
ENGINE = InnoDB
AUTO_INCREMENT = 7
DEFAULT CHARACTER SET = utf8;


-- -----------------------------------------------------
-- Table `goldfishv2`.`gf_units`
-- -----------------------------------------------------
DROP TABLE IF EXISTS `goldfishv2`.`gf_units` ;

CREATE TABLE IF NOT EXISTS `goldfishv2`.`gf_units` (
  `id` BIGINT(10) UNSIGNED NOT NULL AUTO_INCREMENT,
  `title` VARCHAR(255) NULL DEFAULT NULL,
  `saved` BIGINT(10) UNSIGNED NULL DEFAULT '0',
  `structure_json` MEDIUMTEXT NULL,
  `gf_theme_instance_id` BIGINT(10) UNSIGNED NOT NULL,
  `gf_projects_id` BIGINT(10) UNSIGNED NOT NULL,
  `gf_output_formats_id` BIGINT(10) NOT NULL,
  `data` JSON NULL,
  PRIMARY KEY (`id`),
  INDEX `fk_gf_units_theme_instance1_idx` (`gf_theme_instance_id` ASC),
  INDEX `fk_gf_units_gf_projects1_idx` (`gf_projects_id` ASC),
  INDEX `fk_gf_units_gf_output_formats1_idx` (`gf_output_formats_id` ASC),
  CONSTRAINT `fk_gf_units_theme_instance1`
    FOREIGN KEY (`gf_theme_instance_id`)
    REFERENCES `goldfishv2`.`gf_theme_instances` (`id`)
    ON DELETE NO ACTION
    ON UPDATE NO ACTION,
  CONSTRAINT `fk_gf_units_gf_projects1`
    FOREIGN KEY (`gf_projects_id`)
    REFERENCES `goldfishv2`.`gf_projects` (`id`)
    ON DELETE NO ACTION
    ON UPDATE NO ACTION,
  CONSTRAINT `fk_gf_units_gf_output_formats1`
    FOREIGN KEY (`gf_output_formats_id`)
    REFERENCES `goldfishv2`.`gf_output_formats` (`id`)
    ON DELETE NO ACTION
    ON UPDATE NO ACTION)
ENGINE = InnoDB
DEFAULT CHARACTER SET = utf8;


-- -----------------------------------------------------
-- Table `goldfishv2`.`gf_pages`
-- -----------------------------------------------------
DROP TABLE IF EXISTS `goldfishv2`.`gf_pages` ;

CREATE TABLE IF NOT EXISTS `goldfishv2`.`gf_pages` (
  `id` BIGINT(10) UNSIGNED NOT NULL AUTO_INCREMENT,
  `title` VARCHAR(255) NULL DEFAULT NULL,
  `gf_unit_id` BIGINT(10) UNSIGNED NOT NULL,
  `gf_components_id` BIGINT(10) UNSIGNED NOT NULL,
  `saved` BIGINT(10) NULL,
  `render_html` MEDIUMTEXT NULL,
  `render_css` MEDIUMTEXT NULL,
  `data` JSON NULL,
  PRIMARY KEY (`id`),
  INDEX `fk_gf_pages_gf_unit1_idx` (`gf_unit_id` ASC),
  CONSTRAINT `fk_gf_pages_gf_unit1`
    FOREIGN KEY (`gf_unit_id`)
    REFERENCES `goldfishv2`.`gf_units` (`id`)
    ON DELETE NO ACTION
    ON UPDATE NO ACTION)
ENGINE = InnoDB
AUTO_INCREMENT = 8
DEFAULT CHARACTER SET = utf8;


-- -----------------------------------------------------
-- Table `goldfishv2`.`gf_roles`
-- -----------------------------------------------------
DROP TABLE IF EXISTS `goldfishv2`.`gf_roles` ;

CREATE TABLE IF NOT EXISTS `goldfishv2`.`gf_roles` (
  `id` BIGINT(10) UNSIGNED NOT NULL AUTO_INCREMENT,
  `description` VARCHAR(255) NULL DEFAULT NULL,
  PRIMARY KEY (`id`))
ENGINE = InnoDB
AUTO_INCREMENT = 9
DEFAULT CHARACTER SET = utf8;


-- -----------------------------------------------------
-- Table `goldfishv2`.`gf_users`
-- -----------------------------------------------------
DROP TABLE IF EXISTS `goldfishv2`.`gf_users` ;

CREATE TABLE IF NOT EXISTS `goldfishv2`.`gf_users` (
  `id` BIGINT(10) UNSIGNED NOT NULL AUTO_INCREMENT,
  `names` VARCHAR(255) NOT NULL DEFAULT '',
  `surnames` VARCHAR(255) NOT NULL DEFAULT '',
  `profile` VARCHAR(255) NOT NULL DEFAULT '',
  `email` VARCHAR(255) NOT NULL,
  `password` VARCHAR(255) NOT NULL DEFAULT '',
  `active` TINYINT(1) NULL DEFAULT '0',
  `password_salt` VARCHAR(255) NOT NULL DEFAULT '',
  `token` CHAR(16) NULL,
  `token_exp` TIMESTAMP NULL,
  PRIMARY KEY (`id`),
  UNIQUE INDEX `email_UNIQUE` (`email` ASC))
ENGINE = InnoDB
AUTO_INCREMENT = 4
DEFAULT CHARACTER SET = utf8;


-- -----------------------------------------------------
-- Table `goldfishv2`.`gf_user_configs`
-- -----------------------------------------------------
DROP TABLE IF EXISTS `goldfishv2`.`gf_user_configs` ;

CREATE TABLE IF NOT EXISTS `goldfishv2`.`gf_user_configs` (
  `id` BIGINT(10) UNSIGNED NOT NULL AUTO_INCREMENT,
  `editor` VARCHAR(50) NULL DEFAULT NULL,
  `theme` VARCHAR(50) NULL DEFAULT NULL,
  `effects` TINYINT(1) NULL DEFAULT '0',
  `gf_users_id` BIGINT(10) UNSIGNED NOT NULL,
  PRIMARY KEY (`id`),
  INDEX `fk_gf_user_config_gf_users1_idx` (`gf_users_id` ASC),
  CONSTRAINT `fk_gf_user_config_gf_users1`
    FOREIGN KEY (`gf_users_id`)
    REFERENCES `goldfishv2`.`gf_users` (`id`)
    ON DELETE NO ACTION
    ON UPDATE NO ACTION)
ENGINE = InnoDB
AUTO_INCREMENT = 2
DEFAULT CHARACTER SET = utf8;


-- -----------------------------------------------------
-- Table `goldfishv2`.`gf_user_has_projects_roles`
-- -----------------------------------------------------
DROP TABLE IF EXISTS `goldfishv2`.`gf_user_has_projects_roles` ;

CREATE TABLE IF NOT EXISTS `goldfishv2`.`gf_user_has_projects_roles` (
  `gf_users_id` BIGINT(10) UNSIGNED NOT NULL,
  `gf_projects_id` BIGINT(10) UNSIGNED NOT NULL,
  `gf_roles_id` BIGINT(10) UNSIGNED NOT NULL,
  INDEX `fk_gf_users_has_gf_projects_gf_projects1_idx` (`gf_projects_id` ASC),
  INDEX `fk_gf_users_has_gf_projects_gf_users_idx` (`gf_users_id` ASC),
  INDEX `fk_gf_users_has_gf_projects_gf_roles1_idx` (`gf_roles_id` ASC),
  CONSTRAINT `fk_gf_users_has_gf_projects_gf_users`
    FOREIGN KEY (`gf_users_id`)
    REFERENCES `goldfishv2`.`gf_users` (`id`)
    ON DELETE NO ACTION
    ON UPDATE NO ACTION,
  CONSTRAINT `fk_gf_users_has_gf_projects_gf_projects1`
    FOREIGN KEY (`gf_projects_id`)
    REFERENCES `goldfishv2`.`gf_projects` (`id`)
    ON DELETE NO ACTION
    ON UPDATE NO ACTION,
  CONSTRAINT `fk_gf_users_has_gf_projects_gf_roles1`
    FOREIGN KEY (`gf_roles_id`)
    REFERENCES `goldfishv2`.`gf_roles` (`id`)
    ON DELETE NO ACTION
    ON UPDATE NO ACTION)
ENGINE = InnoDB
DEFAULT CHARACTER SET = utf8;


-- -----------------------------------------------------
-- Table `goldfishv2`.`gf_unit_has_users`
-- -----------------------------------------------------
DROP TABLE IF EXISTS `goldfishv2`.`gf_unit_has_users` ;

CREATE TABLE IF NOT EXISTS `goldfishv2`.`gf_unit_has_users` (
  `gf_unit_id` BIGINT(10) UNSIGNED NOT NULL,
  `gf_users_id` BIGINT(10) UNSIGNED NOT NULL,
  `gf_roles_id` BIGINT(10) UNSIGNED NOT NULL,
  INDEX `fk_gf_unit_has_gf_users_gf_users1_idx` (`gf_users_id` ASC),
  INDEX `fk_gf_unit_has_gf_users_gf_unit1_idx` (`gf_unit_id` ASC),
  INDEX `fk_gf_unit_has_gf_users_gf_roles1_idx` (`gf_roles_id` ASC),
  CONSTRAINT `fk_gf_unit_has_gf_users_gf_unit1`
    FOREIGN KEY (`gf_unit_id`)
    REFERENCES `goldfishv2`.`gf_units` (`id`)
    ON DELETE NO ACTION
    ON UPDATE NO ACTION,
  CONSTRAINT `fk_gf_unit_has_gf_users_gf_users1`
    FOREIGN KEY (`gf_users_id`)
    REFERENCES `goldfishv2`.`gf_users` (`id`)
    ON DELETE NO ACTION
    ON UPDATE NO ACTION,
  CONSTRAINT `fk_gf_unit_has_gf_users_gf_roles1`
    FOREIGN KEY (`gf_roles_id`)
    REFERENCES `goldfishv2`.`gf_roles` (`id`)
    ON DELETE NO ACTION
    ON UPDATE NO ACTION)
ENGINE = InnoDB
DEFAULT CHARACTER SET = utf8;


-- -----------------------------------------------------
-- Table `goldfishv2`.`gf_mediaquery_blueprints`
-- -----------------------------------------------------
DROP TABLE IF EXISTS `goldfishv2`.`gf_mediaquery_blueprints` ;

CREATE TABLE IF NOT EXISTS `goldfishv2`.`gf_mediaquery_blueprints` (
  `id` BIGINT(10) UNSIGNED NOT NULL AUTO_INCREMENT,
  `media_query` VARCHAR(255) NULL DEFAULT '',
  `body_css` JSON NULL,
  `gf_component_blueprints_id` BIGINT(10) UNSIGNED NOT NULL,
  `gf_theme_blueprints_id` BIGINT(10) UNSIGNED NOT NULL,
  `updated_at` datetime NOT NULL,
  `created_at` datetime NOT NULL,
  PRIMARY KEY (`id`),
  INDEX `fk_gf_mediaqueries_gf_component_blueprints1_idx` (`gf_component_blueprints_id` ASC),
  INDEX `fk_gf_mediaquery_blueprints_gf_theme_blueprints1_idx` (`gf_theme_blueprints_id` ASC),
  CONSTRAINT `fk_gf_mediaqueries_gf_component_blueprints1`
    FOREIGN KEY (`gf_component_blueprints_id`)
    REFERENCES `goldfishv2`.`gf_component_blueprints` (`id`)
    ON DELETE NO ACTION
    ON UPDATE NO ACTION,
  CONSTRAINT `fk_gf_mediaquery_blueprints_gf_theme_blueprints1`
    FOREIGN KEY (`gf_theme_blueprints_id`)
    REFERENCES `goldfishv2`.`gf_theme_blueprints` (`id`)
    ON DELETE NO ACTION
    ON UPDATE NO ACTION)
ENGINE = InnoDB
DEFAULT CHARACTER SET = utf8;


-- -----------------------------------------------------
-- Table `goldfishv2`.`gf_component_relations`
-- -----------------------------------------------------
DROP TABLE IF EXISTS `goldfishv2`.`gf_component_relations` ;

CREATE TABLE IF NOT EXISTS `goldfishv2`.`gf_component_relations` (
  `gf_descendant` BIGINT(10) UNSIGNED NOT NULL,
  `depth` INT NULL,
  `gf_ascendant` BIGINT(10) UNSIGNED NOT NULL,
  `position` INT NULL,
  `block_group` INT UNSIGNED NULL DEFAULT 1,
  INDEX `fk_gf_component_relations_gf_components1_idx` (`gf_ascendant` ASC),
  CONSTRAINT `fk_gf_component_relations_gf_components1`
    FOREIGN KEY (`gf_ascendant`)
    REFERENCES `goldfishv2`.`gf_components` (`id`)
    ON DELETE CASCADE
    ON UPDATE NO ACTION)
ENGINE = InnoDB;


-- -----------------------------------------------------
-- Table `goldfishv2`.`gf_project_has_components`
-- -----------------------------------------------------
DROP TABLE IF EXISTS `goldfishv2`.`gf_project_has_components` ;

CREATE TABLE IF NOT EXISTS `goldfishv2`.`gf_project_has_components` (
  `gf_projects_id` BIGINT(10) UNSIGNED NOT NULL,
  `gf_component_blueprints_id` BIGINT(10) UNSIGNED NOT NULL,
  INDEX `fk_gf_project_has_components_gf_component_blueprints1_idx` (`gf_component_blueprints_id` ASC),
  CONSTRAINT `fk_gf_project_has_components_gf_component_blueprints1`
    FOREIGN KEY (`gf_component_blueprints_id`)
    REFERENCES `goldfishv2`.`gf_component_blueprints` (`id`)
    ON DELETE NO ACTION
    ON UPDATE NO ACTION)
ENGINE = InnoDB;


-- -----------------------------------------------------
-- Table `goldfishv2`.`gf_mediaqueries`
-- -----------------------------------------------------
DROP TABLE IF EXISTS `goldfishv2`.`gf_mediaqueries` ;

CREATE TABLE IF NOT EXISTS `goldfishv2`.`gf_mediaqueries` (
  `id` BIGINT(10) UNSIGNED NOT NULL AUTO_INCREMENT,
  `media_query` VARCHAR(255) NULL DEFAULT '',
  `body_css` JSON NULL,
  `gf_components_id` BIGINT(10) UNSIGNED NOT NULL,
  `gf_mediaquery_blueprints_id` BIGINT(10) UNSIGNED NOT NULL,
  PRIMARY KEY (`id`),
  INDEX `fk_gf_mediaqueries_gf_components1_idx` (`gf_components_id` ASC),
  INDEX `fk_gf_mediaqueries_gf_mediaquery_blueprints1_idx` (`gf_mediaquery_blueprints_id` ASC),
  CONSTRAINT `fk_gf_mediaqueries_gf_components1`
    FOREIGN KEY (`gf_components_id`)
    REFERENCES `goldfishv2`.`gf_components` (`id`)
    ON DELETE CASCADE
    ON UPDATE NO ACTION,
  CONSTRAINT `fk_gf_mediaqueries_gf_mediaquery_blueprints1`
    FOREIGN KEY (`gf_mediaquery_blueprints_id`)
    REFERENCES `goldfishv2`.`gf_mediaquery_blueprints` (`id`)
    ON DELETE NO ACTION
    ON UPDATE NO ACTION)
ENGINE = InnoDB
DEFAULT CHARACTER SET = utf8;


-- -----------------------------------------------------
-- Table `goldfishv2`.`gf_project_has_themes`
-- -----------------------------------------------------
DROP TABLE IF EXISTS `goldfishv2`.`gf_project_has_themes` ;

CREATE TABLE IF NOT EXISTS `goldfishv2`.`gf_project_has_themes` (
  `gf_projects_id` BIGINT(10) UNSIGNED NOT NULL,
  `gf_theme_blueprints_id` BIGINT(10) UNSIGNED NOT NULL,
  INDEX `fk_gf_project_has_themes_gf_projects1_idx` (`gf_projects_id` ASC),
  INDEX `fk_gf_project_has_themes_gf_theme_blueprints1_idx` (`gf_theme_blueprints_id` ASC),
  CONSTRAINT `fk_gf_project_has_themes_gf_projects1`
    FOREIGN KEY (`gf_projects_id`)
    REFERENCES `goldfishv2`.`gf_projects` (`id`)
    ON DELETE NO ACTION
    ON UPDATE NO ACTION,
  CONSTRAINT `fk_gf_project_has_themes_gf_theme_blueprints1`
    FOREIGN KEY (`gf_theme_blueprints_id`)
    REFERENCES `goldfishv2`.`gf_theme_blueprints` (`id`)
    ON DELETE NO ACTION
    ON UPDATE NO ACTION)
ENGINE = InnoDB;


-- -----------------------------------------------------
-- Table `goldfishv2`.`gf_fonts`
-- -----------------------------------------------------
DROP TABLE IF EXISTS `goldfishv2`.`gf_fonts` ;

CREATE TABLE IF NOT EXISTS `goldfishv2`.`gf_fonts` (
  `id` BIGINT UNSIGNED NOT NULL AUTO_INCREMENT,
  `title` VARCHAR(45) NULL,
  `file_name` VARCHAR(45) NULL,
  `font_type` INT NULL DEFAULT 1,
  `css_stack` VARCHAR(255) NULL,
  `weight` INT NULL DEFAULT 400,
  PRIMARY KEY (`id`))
ENGINE = InnoDB;


-- -----------------------------------------------------
-- Table `goldfishv2`.`gf_page_relations`
-- -----------------------------------------------------
DROP TABLE IF EXISTS `goldfishv2`.`gf_page_relations` ;

CREATE TABLE IF NOT EXISTS `goldfishv2`.`gf_page_relations` (
  `gf_descendant` BIGINT(10) NOT NULL,
  `depth` INT NULL,
  `gf_ascendant` BIGINT(10) UNSIGNED NOT NULL,
  `position` INT NULL,
  `root` TINYINT(1) NULL DEFAULT 0,
  INDEX `fk_gf_page_relations_gf_pages1_idx` (`gf_ascendant` ASC),
  CONSTRAINT `fk_gf_page_relations_gf_pages1`
    FOREIGN KEY (`gf_ascendant`)
    REFERENCES `goldfishv2`.`gf_pages` (`id`)
    ON DELETE CASCADE
    ON UPDATE NO ACTION)
ENGINE = InnoDB;

-- -----------------------------------------------------
-- Table `goldfishv2`.`gf_mimetypes`
-- -----------------------------------------------------
DROP TABLE IF EXISTS `gf_mimetypes`;

CREATE TABLE `gf_mimetypes` (
  `id` bigint(10) unsigned NOT NULL AUTO_INCREMENT,
  `mimetype` varchar(255) COLLATE utf8_bin NOT NULL DEFAULT '',
  `icon` varchar(45) COLLATE utf8_bin NOT NULL DEFAULT 'file',
  `ext` varchar(45) COLLATE utf8_bin DEFAULT NULL,
  `updated_at` datetime NOT NULL,
  `created_at` datetime NOT NULL,
  PRIMARY KEY (`id`),
  UNIQUE KEY `mimetype_id_UNIQUE` (`mimetype`))
ENGINE = InnoDB;



-- -----------------------------------------------------
-- Table `goldfishv2`.`gf_storages`
-- -----------------------------------------------------
DROP TABLE IF EXISTS `gf_storages`;

CREATE TABLE `gf_storages` (
  `id` bigint(10) unsigned NOT NULL AUTO_INCREMENT,
  `user_id` bigint(10) unsigned NOT NULL,
  `user_path` varchar(64) COLLATE utf8_bin DEFAULT NULL,
  `available` int(11) NOT NULL DEFAULT '1',
  `last_checked` int(11) DEFAULT NULL,
  `updated_at` datetime NOT NULL,
  `created_at` datetime NOT NULL,
  PRIMARY KEY (`id`),
  UNIQUE KEY `storages_id_UNIQUE` (`id`),
  KEY `fk_storages_user_id` (`user_id`),
  CONSTRAINT `fk_storages_user_id`
    FOREIGN KEY (`user_id`)
    REFERENCES `gf_users` (`id`)
    ON DELETE NO ACTION
    ON UPDATE NO ACTION)
ENGINE = InnoDB;

-- -----------------------------------------------------
-- Table `goldfishv2`.`gf_mounts`
-- -----------------------------------------------------
DROP TABLE IF EXISTS `gf_mounts`;

CREATE TABLE `gf_mounts` (
  `id` bigint(10) unsigned NOT NULL AUTO_INCREMENT,
  `storage_id` bigint(10) unsigned NOT NULL,
  `root_id` bigint(20) NOT NULL,
  `user_id` int(11) NOT NULL,
  `mount_point` varchar(4000) COLLATE utf8_bin NOT NULL,
  `updated_at` datetime NOT NULL,
  `created_at` datetime NOT NULL,
  PRIMARY KEY (`id`),
  UNIQUE KEY `mounts_user_root_UNIQUE` (`user_id`,`root_id`),
  KEY `mounts_user_UNIQUE` (`user_id`),
  KEY `mounts_storage_UNIQUE` (`storage_id`),
  KEY `mounts_root_UNIQUE` (`root_id`),
  KEY `fk_mounts_storage_id_idx` (`storage_id`),
  CONSTRAINT `fk_mounts_storage_id`
    FOREIGN KEY (`storage_id`)
    REFERENCES `gf_storages` (`id`)
    ON DELETE NO ACTION
    ON UPDATE NO ACTION)
ENGINE = InnoDB;

-- -----------------------------------------------------
-- Table `goldfishv2`.`gf_files`
-- -----------------------------------------------------
DROP TABLE IF EXISTS `gf_files`;

CREATE TABLE `gf_files` (
  `id` bigint(10) unsigned NOT NULL AUTO_INCREMENT,
  `storage_id` bigint(10) unsigned NOT NULL DEFAULT '0',
  `path` varchar(4000) COLLATE utf8_bin DEFAULT NULL,
  `path_hash` varchar(32) COLLATE utf8_bin NOT NULL DEFAULT '',
  `parent` bigint(20) NOT NULL DEFAULT '0',
  `name` varchar(250) COLLATE utf8_bin DEFAULT NULL,
  `mimetype` bigint(10) unsigned NOT NULL DEFAULT '0',
  `mimepart` int(11) NOT NULL DEFAULT '0',
  `size` bigint(20) NOT NULL DEFAULT '0',
  `mtime` int(11) NOT NULL DEFAULT '0',
  `storage_mtime` int(11) NOT NULL DEFAULT '0',
  `encrypted` int(11) NOT NULL DEFAULT '0',
  `unencrypted_size` bigint(20) NOT NULL DEFAULT '0',
  `etag` varchar(40) COLLATE utf8_bin DEFAULT NULL,
  `permissions` int(11) DEFAULT '0',
  `checksum` varchar(255) COLLATE utf8_bin DEFAULT NULL,
  `updated_at` datetime NOT NULL,
  `created_at` datetime NOT NULL,
  PRIMARY KEY (`id`),
  UNIQUE KEY `fs_storage_path_hash` (`storage_id`,`path_hash`),
  KEY `fs_parent_name_hash` (`parent`,`name`),
  KEY `fs_storage_mimetype` (`storage_id`,`mimetype`),
  KEY `fs_storage_mimepart` (`storage_id`,`mimepart`),
  KEY `fs_storage_size` (`storage_id`,`size`,`id`),
  KEY `fk_files_storage_id_idx` (`storage_id`),
  KEY `fk_files_mimetype_idx` (`mimetype`))
ENGINE = InnoDB;

-- -----------------------------------------------------
-- Table `goldfishv2`.`gf_files_locks`
-- -----------------------------------------------------
DROP TABLE IF EXISTS `gf_files_locks`;

CREATE TABLE `gf_files_locks` (
  `id` bigint(10) unsigned NOT NULL AUTO_INCREMENT,
  `lock` int(11) NOT NULL DEFAULT '0',
  `key` varchar(64) COLLATE utf8_bin NOT NULL,
  `ttl` int(11) NOT NULL DEFAULT '-1',
  `updated_at` datetime NOT NULL,
  `created_at` datetime NOT NULL,
  PRIMARY KEY (`id`),
  UNIQUE KEY `lock_key_UNIQUE` (`key`),
  KEY `lock_ttl_KEY` (`ttl`))
ENGINE = InnoDB;

-- -----------------------------------------------------
-- Table `goldfishv2`.`gf_files_trash`
-- -----------------------------------------------------
DROP TABLE IF EXISTS `gf_files_trash`;

CREATE TABLE `gf_files_trash` (
  `id` bigint(10) unsigned NOT NULL AUTO_INCREMENT,
  `file_id` bigint(10) unsigned NOT NULL,
  `name` varchar(250) COLLATE utf8_bin NOT NULL DEFAULT '',
  `user_id` bigint(10) unsigned NOT NULL,
  `timestamp` varchar(12) COLLATE utf8_bin NOT NULL DEFAULT '',
  `location` varchar(512) COLLATE utf8_bin NOT NULL DEFAULT '',
  `type` varchar(4) COLLATE utf8_bin DEFAULT NULL,
  `mime` varchar(255) COLLATE utf8_bin DEFAULT NULL,
  `updated_at` datetime NOT NULL,
  `created_at` datetime NOT NULL,
  PRIMARY KEY (`id`),
  KEY `name_KEY` (`name`),
  KEY `timestamp_KEY` (`timestamp`),
  KEY `user_KEY` (`user_id`),
  KEY `fk_files_trash_file_id_idx` (`file_id`),
  CONSTRAINT `fk_files_trash_file_id`
    FOREIGN KEY (`file_id`)
    REFERENCES `gf_files` (`id`)
    ON DELETE NO ACTION
    ON UPDATE NO ACTION,
  CONSTRAINT `fk_files_trash_user_id`
    FOREIGN KEY (`user_id`)
    REFERENCES `gf_users` (`id`)
    ON DELETE NO ACTION
    ON UPDATE NO ACTION)
ENGINE = InnoDB;

-- -----------------------------------------------------
-- Table `goldfishv2`.`gf_files_share`
-- -----------------------------------------------------
DROP TABLE IF EXISTS `gf_files_share`;

CREATE TABLE `gf_files_share` (
  `id` bigint(10) unsigned NOT NULL AUTO_INCREMENT,
  `file_id` bigint(10) unsigned NOT NULL,
  `owner_id` bigint(10) unsigned NOT NULL,
  `shared_id` bigint(10) unsigned NOT NULL,
  `initiator_id` bigint(10) unsigned NOT NULL,
  `share_expiration` datetime DEFAULT NULL,
  `share_type` smallint(6) NOT NULL DEFAULT '0',
  `share_edit` smallint(6) NOT NULL DEFAULT '1',
  `share_details` smallint(6) NOT NULL DEFAULT '1',
  `share_others` smallint(6) NOT NULL DEFAULT '0',
  `share_status` smallint(6) NOT NULL DEFAULT '1',
  `mail_send` smallint(6) NOT NULL DEFAULT '0',
  `share_name` varchar(64) COLLATE utf8_bin DEFAULT NULL,
  `share_hash` varchar(32) COLLATE utf8_bin NOT NULL,
  `updated_at` datetime NOT NULL,
  `created_at` datetime NOT NULL,
  PRIMARY KEY (`id`),
  KEY `fk_files_share_file_id_idx` (`file_id`),
  CONSTRAINT `fk_files_share_file_id`
    FOREIGN KEY (`file_id`)
    REFERENCES `gf_files` (`id`)
    ON DELETE NO ACTION
    ON UPDATE NO ACTION)
ENGINE = InnoDB;

-- -----------------------------------------------------
-- Table `goldfishv2`.`gf_tags`
-- -----------------------------------------------------
DROP TABLE IF EXISTS `goldfishv2`.`gf_tags`;

CREATE TABLE `goldfishv2`.`gf_tags` (
  `id` bigint(10) unsigned NOT NULL AUTO_INCREMENT,
  `type` int(10) unsigned NOT NULL,
  `status` int(10) unsigned NOT NULL,
  `name` varchar(64) COLLATE utf8_bin DEFAULT NULL,
  `key` varchar(64) COLLATE utf8_bin DEFAULT NULL,
  `updated_at` datetime NOT NULL,
  `created_at` datetime NOT NULL,
  PRIMARY KEY (`id`),
  UNIQUE KEY `tag_name_key` (`name`,`key`),
  INDEX `tag_name_idx` (`name` ASC),
  INDEX `tag_key_idx` (`key` ASC))
ENGINE = InnoDB;

-- -----------------------------------------------------
-- Table `goldfishv2`.`gf_tags_rel`
-- -----------------------------------------------------
DROP TABLE IF EXISTS `goldfishv2`.`gf_tags_rel`;

CREATE TABLE `goldfishv2`.`gf_tags_rel` (
  `id` bigint(10) unsigned NOT NULL AUTO_INCREMENT,
  `tag_id` bigint(10) unsigned NOT NULL,
  `father_id` bigint(10) unsigned NOT NULL,
  `updated_at` datetime NOT NULL,
  `created_at` datetime NOT NULL,
  PRIMARY KEY (`id`),
  UNIQUE KEY `tag_father` (`tag_id`,`father_id`))
ENGINE = InnoDB;

-- -----------------------------------------------------
-- Table `goldfishv2`.`gf_files_tags`
-- -----------------------------------------------------
DROP TABLE IF EXISTS `goldfishv2`.`gf_files_tags`;

CREATE TABLE `goldfishv2`.`gf_files_tags` (
  `id` bigint(10) unsigned NOT NULL AUTO_INCREMENT,
  `file_id` bigint(10) unsigned NOT NULL,
  `tag_id` bigint(10) unsigned NOT NULL,
  `updated_at` datetime NOT NULL,
  `created_at` datetime NOT NULL,
  PRIMARY KEY (`id`),
  CONSTRAINT `fk_file_id`
    FOREIGN KEY (`file_id`)
    REFERENCES `goldfishv2`.`gf_files` (`id`)
    ON DELETE NO ACTION
    ON UPDATE NO ACTION,
  CONSTRAINT `fk_tag_id`
    FOREIGN KEY (`tag_id`)
    REFERENCES `goldfishv2`.`gf_tags` (`id`)
    ON DELETE NO ACTION
    ON UPDATE NO ACTION)
ENGINE = InnoDB;

SET SQL_MODE = '';
GRANT USAGE ON *.* TO goldfish;
 DROP USER goldfish;
SET SQL_MODE='TRADITIONAL,ALLOW_INVALID_DATES';
CREATE USER 'goldfish' IDENTIFIED BY 'fishGOLD';

GRANT SELECT, INSERT, TRIGGER ON TABLE `mydb`.* TO 'goldfish';
GRANT SELECT, INSERT, TRIGGER ON TABLE `goldfishv2`.* TO 'goldfish';
GRANT SELECT, INSERT, TRIGGER, UPDATE, DELETE ON TABLE `mydb`.* TO 'goldfish';
GRANT SELECT, INSERT, TRIGGER, UPDATE, DELETE ON TABLE `goldfishv2`.* TO 'goldfish';

SET SQL_MODE=@OLD_SQL_MODE;
SET FOREIGN_KEY_CHECKS=@OLD_FOREIGN_KEY_CHECKS;
SET UNIQUE_CHECKS=@OLD_UNIQUE_CHECKS;

-- -----------------------------------------------------
-- Data for table `goldfishv2`.`gf_component_blueprints`
-- -----------------------------------------------------
START TRANSACTION;
USE `goldfishv2`;
INSERT INTO `goldfishv2`.`gf_component_blueprints` (`id`, `body`, `title`, `repeatable`, `type`, `url`, `name`, `sass`, `version`, `data`, `updated_at`, `created_at`) VALUES (1, '<blocks />', 'Main', NULL, 1, NULL, 'main', '.main { \n	height: 100%; \n	margin: 0; \n	padding: 0; \n	position: relative; \n	background-color: transparent; \n	box-shadow: 0px 0px 4px rgba(0,0,0,0.5); \n}', 1, NULL, NOW(), NOW());
INSERT INTO `goldfishv2`.`gf_component_blueprints` (`id`, `body`, `title`, `repeatable`, `type`, `url`, `name`, `sass`, `version`, `data`, `updated_at`, `created_at`) VALUES (2, '<nav><ul><li><a href=\"\" contenteditable=\"true\">Uno</a></li><li><a href=\"\" contenteditable=\"true\">Dos</a></li><li><a href=\"\" contenteditable=\"true\">Tres</a></li></ul></nav>', 'Lista de navegación', 'li', 1, NULL, 'lista', 'nav { background-color: $panelColor; }\n\nul { list-style: none; padding: 2vw 1vw;}\nli { list-style: none; }\nli a { color: $textColor; text-decoration: none; font-size: 1.5vw }\n\n@media (max-width: 800px) {\n	ul {\n	display:flex;flex-direction:row;flex-wrap:nowrap;justify-content:space-\nbetween;align-items:stretch;align-content:flex-start}\n	li a {\n		font-size: 14px;}	\n}', 1, NULL, NOW(), NOW());
INSERT INTO `goldfishv2`.`gf_component_blueprints` (`id`, `body`, `title`, `repeatable`, `type`, `url`, `name`, `sass`, `version`, `data`, `updated_at`, `created_at`) VALUES (3, '<h1 contenteditable=\"true\">They don\'t think it be like it is, but it do</h1>', 'Bloque título', NULL, 1, NULL, 'titulo', 'h1 { background-color: $backgroundColor; padding: 2vw 1em; color: $textColor; margin: 0; font-family: Roboto, sans-serif; font-weight: normal; font-size: 2vw; }\n\n@media (max-width: 800px) {\n	h1 { margin: 1em 0; font-size: 24px; }\n}', 1, NULL, NOW(), NOW());
INSERT INTO `goldfishv2`.`gf_component_blueprints` (`id`, `body`, `title`, `repeatable`, `type`, `url`, `name`, `sass`, `version`, `data`, `updated_at`, `created_at`) VALUES (4, '<div class=\"section-a\"><blocks /></div><div class=\"flex\"><div class=\"section-b\"><blocks /></div><div class=\"section-c\"><blocks /></div></div>', 'Nav-Side-Main', NULL, 1, NULL, 'nav-side-main', '.section-a {min-height:5vw}\n.section-b {min-height:5vw}\n.section-c{min-height:5vw}\n.section-a{border:1px solid #f55;display:block}\n.flex{\n	padding:1vw 0;\n	display:flex;\n	flex-direction:row;\n	flex-wrap:nowrap;\n	justify-content:space-between;\n	align-items:stretch;\n	align-content:flex-start\n}\n.section-b{\n	border:1px solid #5f5;\n	flex-basis:35%\n}\n.section-c{\n	border:1px solid #55f;\n	flex-basis:60%\n}\n\n@media (max-width: 800px) {\n	.flex {\n		padding:1vw 0;\n		display:flex;\n		flex-direction:column;\n		flex-wrap:nowrap;\n		justify-content:space-between;\n		align-items:stretch;\n		align-content:flex-start\n	}\n}', 1, NULL, NOW(), NOW());
INSERT INTO `goldfishv2`.`gf_component_blueprints` (`id`, `body`, `title`, `repeatable`, `type`, `url`, `name`, `sass`, `version`, `data`, `updated_at`, `created_at`) VALUES (5, '<div class=\"ck\"><content /></div>', 'HTML', NULL, 1, NULL, 'html', '', 1, NULL, NOW(), NOW());
INSERT INTO `goldfishv2`.`gf_component_blueprints` (`id`, `body`, `title`, `repeatable`, `type`, `url`, `name`, `sass`, `version`, `data`, `updated_at`, `created_at`) VALUES (6, '<div class=\"red ludica\"></div>', 'Lúdica', NULL, 2, 'content/red/ludica', NULL, '', 1, '{\n    \"id\": 0,\n    \"plugin_name\": \"ludica\",\n    \"xml\": \"<?xml version=\\\"1.0\\\" encoding=\\\"UTF-8\\\"?><root><metadata><created></created><lastmodified></lastmodified>        <id></id>        <indicadores>        </indicadores>        <description></description>        <autor></autor>        <title></title>    </metadata>    <userdata>        <transition>horizontalflip</transition>        <avatar>            <src>files/avatar.png</src>        </avatar>        <logo><![CDATA[files/muy_importante.png]]></logo>        <basecolor>#f2f4f3</basecolor>        <instancecolor>#109eb5</instancecolor>        <ludicTitle><![CDATA[Muy <strong>importante</strong>]]></ludicTitle>        <content>            <![CDATA[            <p>                The width of the background image therefore depends on the size of its container. If our container width is 500px, our image is resized to 250×250. <strong>Using a percentage can be useful</strong> for responsive designs. Resize the demonstration page to discover how the dimensions change.</p>            <p>                So why not <strong>apply the same principle</strong> to an 8 hour work day? Because there are limits on human productivity. The brain is just like a muscle. Can you continuously run on a treadmill for eight hours? Like our muscles, the brain needs occasional rest. The limit is a bit different for each individual. Through trial and error, I have found that 4 hours is my max.            </p>                ]]>        </content>    </userdata></root>\",\n    \"saves\": []\n}', NOW(), NOW());
INSERT INTO `goldfishv2`.`gf_component_blueprints` (`id`, `body`, `title`, `repeatable`, `type`, `url`, `name`, `sass`, `version`, `data`, `updated_at`, `created_at`) VALUES (7, '<div class=\"image\"><img /></div>\n', 'Imagen\n', '', 1, '', 'image', NULL, 1, NULL, NOW(), NOW());
INSERT INTO `goldfishv2`.`gf_component_blueprints` (`id`, `body`, `title`, `repeatable`, `type`, `url`, `name`, `sass`, `version`, `data`, `updated_at`, `created_at`) VALUES (8, '<div class=\"red collage\"></div>', 'Collage', NULL, '2', 'content/red/collage', NULL, '', 1, '{\n    \"id\": 0,\n    \"plugin_name\": \"collage\",\n    \"xml\": \"<?xml version=\\\"1.0\\\" encoding=\\\"UTF-8\\\"?><root><metadata><created></created><lastmodified></lastmodified>        <id></id>        <indicadores>        </indicadores>        <description></description>        <autor></autor>        <title></title>    </metadata>    <userdata>        <transition>horizontalflip</transition>        <avatar>            <src>files/avatar.png</src>        </avatar>        <logo><![CDATA[files/muy_importante.png]]></logo>        <basecolor>#f2f4f3</basecolor>        <instancecolor>#109eb5</instancecolor>        <ludicTitle><![CDATA[Muy <strong>importante</strong>]]></ludicTitle>        <content>            <![CDATA[            <p>                The width of the background image therefore depends on the size of its container. If our container width is 500px, our image is resized to 250×250. <strong>Using a percentage can be useful</strong> for responsive designs. Resize the demonstration page to discover how the dimensions change.</p>            <p>                So why not <strong>apply the same principle</strong> to an 8 hour work day? Because there are limits on human productivity. The brain is just like a muscle. Can you continuously run on a treadmill for eight hours? Like our muscles, the brain needs occasional rest. The limit is a bit different for each individual. Through trial and error, I have found that 4 hours is my max.            </p>                ]]>        </content>    </userdata></root>\",\n    \"saves\": []\n}', NOW(), NOW());
INSERT INTO `goldfishv2`.`gf_component_blueprints` (`id`, `body`, `title`, `repeatable`, `type`, `url`, `name`, `sass`, `version`, `data`, `updated_at`, `created_at`) VALUES (9, '<div class=\"red chat\"></div>', 'Chat', NULL, '2', 'content/red/chat', NULL, '', 1, '{\n    \"id\": 0,\n    \"plugin_name\": \"chat\",\n    \"xml\": \"<?xml version=\\\"1.0\\\" encoding=\\\"UTF-8\\\"?><root><metadata><created></created><lastmodified></lastmodified>        <id></id>        <indicadores>        </indicadores>        <description></description>        <autor></autor>        <title></title>    </metadata>    <userdata>        <transition>horizontalflip</transition>        <avatar>            <src>files/avatar.png</src>        </avatar>        <logo><![CDATA[files/muy_importante.png]]></logo>        <basecolor>#f2f4f3</basecolor>        <instancecolor>#109eb5</instancecolor>        <ludicTitle><![CDATA[Muy <strong>importante</strong>]]></ludicTitle>        <content>            <![CDATA[            <p>                The width of the background image therefore depends on the size of its container. If our container width is 500px, our image is resized to 250×250. <strong>Using a percentage can be useful</strong> for responsive designs. Resize the demonstration page to discover how the dimensions change.</p>            <p>                So why not <strong>apply the same principle</strong> to an 8 hour work day? Because there are limits on human productivity. The brain is just like a muscle. Can you continuously run on a treadmill for eight hours? Like our muscles, the brain needs occasional rest. The limit is a bit different for each individual. Through trial and error, I have found that 4 hours is my max.            </p>                ]]>        </content>    </userdata></root>\",\n    \"saves\": []\n}', NOW(), NOW());
INSERT INTO `goldfishv2`.`gf_component_blueprints` (`id`, `body`, `title`, `repeatable`, `type`, `url`, `name`, `sass`, `version`, `data`, `updated_at`, `created_at`) VALUES (10, '<div class=\"red ciclos\"></div>', 'Ciclos', NULL, '2', 'content/red/ciclos', NULL, '', 1, '{\n    \"id\": 0,\n    \"plugin_name\": \"ciclos\",\n    \"xml\": \"<?xml version=\\\"1.0\\\" encoding=\\\"UTF-8\\\"?><root><metadata><created></created><lastmodified></lastmodified>        <id></id>        <indicadores>        </indicadores>        <description></description>        <autor></autor>        <title></title>    </metadata>    <userdata>        <transition>horizontalflip</transition>        <avatar>            <src>files/avatar.png</src>        </avatar>        <logo><![CDATA[files/muy_importante.png]]></logo>        <basecolor>#f2f4f3</basecolor>        <instancecolor>#109eb5</instancecolor>        <ludicTitle><![CDATA[Muy <strong>importante</strong>]]></ludicTitle>        <content>            <![CDATA[            <p>                The width of the background image therefore depends on the size of its container. If our container width is 500px, our image is resized to 250×250. <strong>Using a percentage can be useful</strong> for responsive designs. Resize the demonstration page to discover how the dimensions change.</p>            <p>                So why not <strong>apply the same principle</strong> to an 8 hour work day? Because there are limits on human productivity. The brain is just like a muscle. Can you continuously run on a treadmill for eight hours? Like our muscles, the brain needs occasional rest. The limit is a bit different for each individual. Through trial and error, I have found that 4 hours is my max.            </p>                ]]>        </content>    </userdata></root>\",\n    \"saves\": []\n}', NOW(), NOW());
INSERT INTO `goldfishv2`.`gf_component_blueprints` (`id`, `body`, `title`, `repeatable`, `type`, `url`, `name`, `sass`, `version`, `data`, `updated_at`, `created_at`) VALUES (11, '<div class=\"red glosario\"></div>', 'Glosario', NULL, '2', 'content/red/glosario', NULL, '', 1, '{\n    \"id\": 0,\n    \"plugin_name\": \"glosario\",\n    \"xml\": \"<?xml version=\\\"1.0\\\" encoding=\\\"UTF-8\\\"?><root><metadata><created></created><lastmodified></lastmodified>        <id></id>        <indicadores>        </indicadores>        <description></description>        <autor></autor>        <title></title>    </metadata>    <userdata>        <transition>horizontalflip</transition>        <avatar>            <src>files/avatar.png</src>        </avatar>        <logo><![CDATA[files/muy_importante.png]]></logo>        <basecolor>#f2f4f3</basecolor>        <instancecolor>#109eb5</instancecolor>        <ludicTitle><![CDATA[Muy <strong>importante</strong>]]></ludicTitle>        <content>            <![CDATA[            <p>                The width of the background image therefore depends on the size of its container. If our container width is 500px, our image is resized to 250×250. <strong>Using a percentage can be useful</strong> for responsive designs. Resize the demonstration page to discover how the dimensions change.</p>            <p>                So why not <strong>apply the same principle</strong> to an 8 hour work day? Because there are limits on human productivity. The brain is just like a muscle. Can you continuously run on a treadmill for eight hours? Like our muscles, the brain needs occasional rest. The limit is a bit different for each individual. Through trial and error, I have found that 4 hours is my max.            </p>                ]]>        </content>    </userdata></root>\",\n    \"saves\": []\n}', NOW(), NOW());
INSERT INTO `goldfishv2`.`gf_component_blueprints` (`id`, `body`, `title`, `repeatable`, `type`, `url`, `name`, `sass`, `version`, `data`, `updated_at`, `created_at`) VALUES (12, '<div class=\"red cajas\"></div>', 'Cajas', NULL, '2', 'content/red/cajas', NULL, '', 1, '{\n    \"id\": 0,\n    \"plugin_name\": \"cajas\",\n    \"xml\": \"<?xml version=\\\"1.0\\\" encoding=\\\"UTF-8\\\"?><root><metadata><created></created><lastmodified></lastmodified>        <id></id>        <indicadores>        </indicadores>        <description></description>        <autor></autor>        <title></title>    </metadata>    <userdata>        <transition>horizontalflip</transition>        <avatar>            <src>files/avatar.png</src>        </avatar>        <logo><![CDATA[files/muy_importante.png]]></logo>        <basecolor>#f2f4f3</basecolor>        <instancecolor>#109eb5</instancecolor>        <ludicTitle><![CDATA[Muy <strong>importante</strong>]]></ludicTitle>        <content>            <![CDATA[            <p>                The width of the background image therefore depends on the size of its container. If our container width is 500px, our image is resized to 250×250. <strong>Using a percentage can be useful</strong> for responsive designs. Resize the demonstration page to discover how the dimensions change.</p>            <p>                So why not <strong>apply the same principle</strong> to an 8 hour work day? Because there are limits on human productivity. The brain is just like a muscle. Can you continuously run on a treadmill for eight hours? Like our muscles, the brain needs occasional rest. The limit is a bit different for each individual. Through trial and error, I have found that 4 hours is my max.            </p>                ]]>        </content>    </userdata></root>\",\n    \"saves\": []\n}', NOW(), NOW());
INSERT INTO `goldfishv2`.`gf_component_blueprints` (`id`, `body`, `title`, `repeatable`, `type`, `url`, `name`, `sass`, `version`, `data`, `updated_at`, `created_at`) VALUES (13, '<div class=\"red caracteristicas\"></div>', 'Cajas', NULL, '2', 'content/red/caracteristicas', NULL, '', 1, '{\n    \"id\": 0,\n    \"plugin_name\": \"caracteristicas\",\n    \"xml\": \"<?xml version=\\\"1.0\\\" encoding=\\\"UTF-8\\\"?><root><metadata><created></created><lastmodified></lastmodified>        <id></id>        <indicadores>        </indicadores>        <description></description>        <autor></autor>        <title></title>    </metadata>    <userdata>        <transition>horizontalflip</transition>        <avatar>            <src>files/avatar.png</src>        </avatar>        <logo><![CDATA[files/muy_importante.png]]></logo>        <basecolor>#f2f4f3</basecolor>        <instancecolor>#109eb5</instancecolor>        <ludicTitle><![CDATA[Muy <strong>importante</strong>]]></ludicTitle>        <content>            <![CDATA[            <p>                The width of the background image therefore depends on the size of its container. If our container width is 500px, our image is resized to 250×250. <strong>Using a percentage can be useful</strong> for responsive designs. Resize the demonstration page to discover how the dimensions change.</p>            <p>                So why not <strong>apply the same principle</strong> to an 8 hour work day? Because there are limits on human productivity. The brain is just like a muscle. Can you continuously run on a treadmill for eight hours? Like our muscles, the brain needs occasional rest. The limit is a bit different for each individual. Through trial and error, I have found that 4 hours is my max.            </p>                ]]>        </content>    </userdata></root>\",\n    \"saves\": []\n}', NOW(), NOW());
INSERT INTO `goldfishv2`.`gf_component_blueprints` (`id`, `body`, `title`, `repeatable`, `type`, `url`, `name`, `sass`, `version`, `data`, `updated_at`, `created_at`) VALUES (14, '<div class=\"red bloques\"></div>', 'Bloques', NULL, '2', 'content/red/bloques', NULL, '', 1, '{\n    \"id\": 0,\n    \"plugin_name\": \"bloques\",\n    \"xml\": \"<?xml version=\\\"1.0\\\" encoding=\\\"UTF-8\\\"?><root><metadata><created></created><lastmodified></lastmodified>        <id></id>        <indicadores>        </indicadores>        <description></description>        <autor></autor>        <title></title>    </metadata>    <userdata>        <transition>horizontalflip</transition>        <avatar>            <src>files/avatar.png</src>        </avatar>        <logo><![CDATA[files/muy_importante.png]]></logo>        <basecolor>#f2f4f3</basecolor>        <instancecolor>#109eb5</instancecolor>        <ludicTitle><![CDATA[Muy <strong>importante</strong>]]></ludicTitle>        <content>            <![CDATA[            <p>                The width of the background image therefore depends on the size of its container. If our container width is 500px, our image is resized to 250×250. <strong>Using a percentage can be useful</strong> for responsive designs. Resize the demonstration page to discover how the dimensions change.</p>            <p>                So why not <strong>apply the same principle</strong> to an 8 hour work day? Because there are limits on human productivity. The brain is just like a muscle. Can you continuously run on a treadmill for eight hours? Like our muscles, the brain needs occasional rest. The limit is a bit different for each individual. Through trial and error, I have found that 4 hours is my max.            </p>                ]]>        </content>    </userdata></root>\",\n    \"saves\": []\n}', NOW(), NOW());
COMMIT;


-- -----------------------------------------------------
-- Data for table `goldfishv2`.`gf_output_formats`
-- -----------------------------------------------------
START TRANSACTION;
USE `goldfishv2`;
INSERT INTO `goldfishv2`.`gf_output_formats` (`id`, `name`, `description`, `default_format`) VALUES (1, 'SCORM 1.2', 'Standard e-learning format since 2001', 1);
INSERT INTO `goldfishv2`.`gf_output_formats` (`id`, `name`, `description`, `default_format`) VALUES (2, 'xAPI', 'Future format', NULL);

COMMIT;


-- -----------------------------------------------------
-- Data for table `goldfishv2`.`gf_projects`
-- -----------------------------------------------------
START TRANSACTION;
USE `goldfishv2`;
INSERT INTO `goldfishv2`.`gf_projects` (`id`, `title`, `user_limit`, `remote_auth`, `description`, `gf_output_formats_id`) VALUES (1, 'Goldfish formación', 10, '', 'Manuales de uso del editor', 1);
INSERT INTO `goldfishv2`.`gf_projects` (`id`, `title`, `user_limit`, `remote_auth`, `description`, `gf_output_formats_id`) VALUES (2, 'DIAN', 10, 'https://saga.pegui.edu.co/auth', NULL, 1);
INSERT INTO `goldfishv2`.`gf_projects` (`id`, `title`, `user_limit`, `remote_auth`, `description`, `gf_output_formats_id`) VALUES (3, 'Mintkula', 10, '', 'Probando mas proyectos', 2);

COMMIT;


-- -----------------------------------------------------
-- Data for table `goldfishv2`.`gf_roles`
-- -----------------------------------------------------
START TRANSACTION;
USE `goldfishv2`;
INSERT INTO `goldfishv2`.`gf_roles` (`id`, `description`) VALUES (1, 'Super');
INSERT INTO `goldfishv2`.`gf_roles` (`id`, `description`) VALUES (2, 'Admin');
INSERT INTO `goldfishv2`.`gf_roles` (`id`, `description`) VALUES (3, 'Editor');
INSERT INTO `goldfishv2`.`gf_roles` (`id`, `description`) VALUES (4, 'Control de calidad');
INSERT INTO `goldfishv2`.`gf_roles` (`id`, `description`) VALUES (5, 'Mantenimiento');
INSERT INTO `goldfishv2`.`gf_roles` (`id`, `description`) VALUES (6, 'Diseño');
INSERT INTO `goldfishv2`.`gf_roles` (`id`, `description`) VALUES (7, 'Animaciones');
INSERT INTO `goldfishv2`.`gf_roles` (`id`, `description`) VALUES (8, 'Componentes');
INSERT INTO `goldfishv2`.`gf_roles` (`id`, `description`) VALUES (9, 'Contacto cliente');

COMMIT;


-- -----------------------------------------------------
-- Data for table `goldfishv2`.`gf_users`
-- -----------------------------------------------------
START TRANSACTION;
USE `goldfishv2`;
INSERT INTO `goldfishv2`.`gf_users` (`id`, `names`, `surnames`, `profile`, `email`, `password`, `active`, `password_salt`, `token`, `token_exp`) VALUES (1, 'File', 'Manager', '1174915_10151710581102543_1404515987_n.jpg', 'filemanager@catedra.edu.co', '12345', 1, 'foo', NULL, NULL);
INSERT INTO `goldfishv2`.`gf_users` (`id`, `names`, `surnames`, `profile`, `email`, `password`, `active`, `password_salt`, `token`, `token_exp`) VALUES (2, 'Mats', 'Fjellner', '1174915_10151710581102543_1404515987_n.jpg', 'matsfjellner@catedra.edu.co', '12345', 1, 'foo', NULL, NULL);
INSERT INTO `goldfishv2`.`gf_users` (`id`, `names`, `surnames`, `profile`, `email`, `password`, `active`, `password_salt`, `token`, `token_exp`) VALUES (3, 'Daniel', 'Villanueva', 'daniel-profile.jpg', 'danielvillanueva@catedra.edu.co', '123qwe', 1, 'dev', NULL, NULL);

COMMIT;


-- -----------------------------------------------------
-- Data for table `goldfishv2`.`gf_user_has_projects_roles`
-- -----------------------------------------------------
START TRANSACTION;
USE `goldfishv2`;
INSERT INTO `goldfishv2`.`gf_user_has_projects_roles` (`gf_users_id`, `gf_projects_id`, `gf_roles_id`) VALUES (1, 1, 2);
INSERT INTO `goldfishv2`.`gf_user_has_projects_roles` (`gf_users_id`, `gf_projects_id`, `gf_roles_id`) VALUES (1, 1, 1);
INSERT INTO `goldfishv2`.`gf_user_has_projects_roles` (`gf_users_id`, `gf_projects_id`, `gf_roles_id`) VALUES (1, 2, 2);
INSERT INTO `goldfishv2`.`gf_user_has_projects_roles` (`gf_users_id`, `gf_projects_id`, `gf_roles_id`) VALUES (1, 3, 1);
INSERT INTO `goldfishv2`.`gf_user_has_projects_roles` (`gf_users_id`, `gf_projects_id`, `gf_roles_id`) VALUES (1, 3, 2);
INSERT INTO `goldfishv2`.`gf_user_has_projects_roles` (`gf_users_id`, `gf_projects_id`, `gf_roles_id`) VALUES (2, 1, 2);
INSERT INTO `goldfishv2`.`gf_user_has_projects_roles` (`gf_users_id`, `gf_projects_id`, `gf_roles_id`) VALUES (2, 1, 1);
INSERT INTO `goldfishv2`.`gf_user_has_projects_roles` (`gf_users_id`, `gf_projects_id`, `gf_roles_id`) VALUES (2, 2, 2);
INSERT INTO `goldfishv2`.`gf_user_has_projects_roles` (`gf_users_id`, `gf_projects_id`, `gf_roles_id`) VALUES (2, 3, 1);
INSERT INTO `goldfishv2`.`gf_user_has_projects_roles` (`gf_users_id`, `gf_projects_id`, `gf_roles_id`) VALUES (2, 3, 2);
INSERT INTO `goldfishv2`.`gf_user_has_projects_roles` (`gf_users_id`, `gf_projects_id`, `gf_roles_id`) VALUES (3, 1, 2);
INSERT INTO `goldfishv2`.`gf_user_has_projects_roles` (`gf_users_id`, `gf_projects_id`, `gf_roles_id`) VALUES (3, 1, 1);
INSERT INTO `goldfishv2`.`gf_user_has_projects_roles` (`gf_users_id`, `gf_projects_id`, `gf_roles_id`) VALUES (3, 2, 2);
INSERT INTO `goldfishv2`.`gf_user_has_projects_roles` (`gf_users_id`, `gf_projects_id`, `gf_roles_id`) VALUES (3, 3, 1);
INSERT INTO `goldfishv2`.`gf_user_has_projects_roles` (`gf_users_id`, `gf_projects_id`, `gf_roles_id`) VALUES (3, 3, 2);

COMMIT;


-- -----------------------------------------------------
-- Data for table `goldfishv2`.`gf_project_has_components`
-- -----------------------------------------------------
START TRANSACTION;
USE `goldfishv2`;
INSERT INTO `goldfishv2`.`gf_project_has_components` (`gf_projects_id`, `gf_component_blueprints_id`) VALUES (0, 1);
INSERT INTO `goldfishv2`.`gf_project_has_components` (`gf_projects_id`, `gf_component_blueprints_id`) VALUES (0, 2);
INSERT INTO `goldfishv2`.`gf_project_has_components` (`gf_projects_id`, `gf_component_blueprints_id`) VALUES (0, 3);
INSERT INTO `goldfishv2`.`gf_project_has_components` (`gf_projects_id`, `gf_component_blueprints_id`) VALUES (0, 4);
INSERT INTO `goldfishv2`.`gf_project_has_components` (`gf_projects_id`, `gf_component_blueprints_id`) VALUES (0, 5);
INSERT INTO `goldfishv2`.`gf_project_has_components` (`gf_projects_id`, `gf_component_blueprints_id`) VALUES (0, 6);
INSERT INTO `goldfishv2`.`gf_project_has_components` (`gf_projects_id`, `gf_component_blueprints_id`) VALUES (0, 7);

COMMIT;


-- -----------------------------------------------------
-- Data for table `goldfishv2`.`gf_mimetypes`
-- -----------------------------------------------------
START TRANSACTION;
USE `goldfishv2`;
INSERT INTO `goldfishv2`.`gf_mimetypes` (`id`, `mimetype`, `icon`, `ext`, `updated_at`, `created_at`) VALUES (1,'httpd','file','', now(), now());
INSERT INTO `goldfishv2`.`gf_mimetypes` (`id`, `mimetype`, `icon`, `ext`, `updated_at`, `created_at`) VALUES (2,'httpd/unix-directory','folder',NULL, now(), now());
INSERT INTO `goldfishv2`.`gf_mimetypes` (`id`, `mimetype`, `icon`, `ext`, `updated_at`, `created_at`) VALUES (3,'application','file',NULL, now(), now());
INSERT INTO `goldfishv2`.`gf_mimetypes` (`id`, `mimetype`, `icon`, `ext`, `updated_at`, `created_at`) VALUES (4,'application/pdf','pdf','.pdf', now(), now());
INSERT INTO `goldfishv2`.`gf_mimetypes` (`id`, `mimetype`, `icon`, `ext`, `updated_at`, `created_at`) VALUES (5,'application/vnd.oasis.opendocument.text','file','.odt', now(), now());
INSERT INTO `goldfishv2`.`gf_mimetypes` (`id`, `mimetype`, `icon`, `ext`, `updated_at`, `created_at`) VALUES (6,'image','img','', now(), now());
INSERT INTO `goldfishv2`.`gf_mimetypes` (`id`, `mimetype`, `icon`, `ext`, `updated_at`, `created_at`) VALUES (7,'image/jpg','jpg','.jpg', now(), now());
INSERT INTO `goldfishv2`.`gf_mimetypes` (`id`, `mimetype`, `icon`, `ext`, `updated_at`, `created_at`) VALUES (8,'image/png','png','.png', now(), now());
INSERT INTO `goldfishv2`.`gf_mimetypes` (`id`, `mimetype`, `icon`, `ext`, `updated_at`, `created_at`) VALUES (9,'application/octet-stream','file',NULL, now(), now());
INSERT INTO `goldfishv2`.`gf_mimetypes` (`id`, `mimetype`, `icon`, `ext`, `updated_at`, `created_at`) VALUES (10,'image/svg+xml','svg','.svg', now(), now());
INSERT INTO `goldfishv2`.`gf_mimetypes` (`id`, `mimetype`, `icon`, `ext`, `updated_at`, `created_at`) VALUES (11,'application/vnd.ms-powerpoint','ppt','.ppt', now(), now());
INSERT INTO `goldfishv2`.`gf_mimetypes` (`id`, `mimetype`, `icon`, `ext`, `updated_at`, `created_at`) VALUES (12,'application/zip','zip','.zip', now(), now());
INSERT INTO `goldfishv2`.`gf_mimetypes` (`id`, `mimetype`, `icon`, `ext`, `updated_at`, `created_at`) VALUES (13,'video/x-msvideo','avi','.avi', now(), now());
INSERT INTO `goldfishv2`.`gf_mimetypes` (`id`, `mimetype`, `icon`, `ext`, `updated_at`, `created_at`) VALUES (14,'text/css','css','.css', now(), now());
INSERT INTO `goldfishv2`.`gf_mimetypes` (`id`, `mimetype`, `icon`, `ext`, `updated_at`, `created_at`) VALUES (15,'text/csv','csv','.csv', now(), now());
INSERT INTO `goldfishv2`.`gf_mimetypes` (`id`, `mimetype`, `icon`, `ext`, `updated_at`, `created_at`) VALUES (16,'application/msword','doc','.doc', now(), now());
INSERT INTO `goldfishv2`.`gf_mimetypes` (`id`, `mimetype`, `icon`, `ext`, `updated_at`, `created_at`) VALUES (17,'application/x-shockwave-flash','swf','.swf', now(), now());
INSERT INTO `goldfishv2`.`gf_mimetypes` (`id`, `mimetype`, `icon`, `ext`, `updated_at`, `created_at`) VALUES (18,'text/html','html','.html', now(), now());
INSERT INTO `goldfishv2`.`gf_mimetypes` (`id`, `mimetype`, `icon`, `ext`, `updated_at`, `created_at`) VALUES (19,'text/htm','html','.htm', now(), now());
INSERT INTO `goldfishv2`.`gf_mimetypes` (`id`, `mimetype`, `icon`, `ext`, `updated_at`, `created_at`) VALUES (20,'application/javascript','js','.js', now(), now());
INSERT INTO `goldfishv2`.`gf_mimetypes` (`id`, `mimetype`, `icon`, `ext`, `updated_at`, `created_at`) VALUES (21,'application/json','json','.json', now(), now());
INSERT INTO `goldfishv2`.`gf_mimetypes` (`id`, `mimetype`, `icon`, `ext`, `updated_at`, `created_at`) VALUES (22,'audio/mp3','mp3','.mp3', now(), now());
INSERT INTO `goldfishv2`.`gf_mimetypes` (`id`, `mimetype`, `icon`, `ext`, `updated_at`, `created_at`) VALUES (23,'video/mp4','mp4','.mp4', now(), now());
INSERT INTO `goldfishv2`.`gf_mimetypes` (`id`, `mimetype`, `icon`, `ext`, `updated_at`, `created_at`) VALUES (24,'application/psd','psd','.psd', now(), now());
INSERT INTO `goldfishv2`.`gf_mimetypes` (`id`, `mimetype`, `icon`, `ext`, `updated_at`, `created_at`) VALUES (25,'text/richtext','rtf','.rtf', now(), now());
INSERT INTO `goldfishv2`.`gf_mimetypes` (`id`, `mimetype`, `icon`, `ext`, `updated_at`, `created_at`) VALUES (26,'text','txt','.txt', now(), now());
INSERT INTO `goldfishv2`.`gf_mimetypes` (`id`, `mimetype`, `icon`, `ext`, `updated_at`, `created_at`) VALUES (27,'application/xls','xls','.xls', now(), now());
INSERT INTO `goldfishv2`.`gf_mimetypes` (`id`, `mimetype`, `icon`, `ext`, `updated_at`, `created_at`) VALUES (28,'text/xml','xml','.xml', now(), now());
INSERT INTO `goldfishv2`.`gf_mimetypes` (`id`, `mimetype`, `icon`, `ext`, `updated_at`, `created_at`) VALUES (29,'application/x-directory','folder',NULL, now(), now());
INSERT INTO `goldfishv2`.`gf_mimetypes` (`id`, `mimetype`, `icon`, `ext`, `updated_at`, `created_at`) VALUES (30,'image/jpeg','jpg','.jpeg', now(), now());

COMMIT;


-- -----------------------------------------------------
-- Data for table `goldfishv2`.`gf_storages`
-- -----------------------------------------------------
START TRANSACTION;
USE `goldfishv2`;
INSERT INTO `goldfishv2`.`gf_storages` (`id`, `user_id`, `user_path`, `available`, `last_checked`, `updated_at`, `created_at`) VALUES (1,1,'home::filemanager@catedra.edu.co',1,NULL, now(), now());
INSERT INTO `goldfishv2`.`gf_storages` (`id`, `user_id`, `user_path`, `available`, `last_checked`, `updated_at`, `created_at`) VALUES (2,2,'home::matsfjellner@catedra.edu.co',1,NULL, now(), now());
INSERT INTO `goldfishv2`.`gf_storages` (`id`, `user_id`, `user_path`, `available`, `last_checked`, `updated_at`, `created_at`) VALUES (3,3,'home::danielvillanueva@catedra.edu.co',1,NULL, now(), now());

COMMIT;


-- -----------------------------------------------------
-- Data for table `goldfishv2`.`gf_mounts`
-- -----------------------------------------------------
START TRANSACTION;
USE `goldfishv2`;
INSERT INTO `goldfishv2`.`gf_mounts` (`id`, `storage_id`, `root_id`, `user_id`, `mount_point`, `updated_at`, `created_at`) VALUES (1,1,1,1,'/filemanager@catedra.edu.co/', now(), now());
INSERT INTO `goldfishv2`.`gf_mounts` (`id`, `storage_id`, `root_id`, `user_id`, `mount_point`, `updated_at`, `created_at`) VALUES (2,2,1,2,'/matsfjellner@catedra.edu.co/', now(), now());
INSERT INTO `goldfishv2`.`gf_mounts` (`id`, `storage_id`, `root_id`, `user_id`, `mount_point`, `updated_at`, `created_at`) VALUES (3,3,1,3,'/danielvillanueva@catedra.edu.co/', now(), now());

COMMIT;


-- -----------------------------------------------------
-- Data for table `goldfishv2`.`gf_files`
-- -----------------------------------------------------
START TRANSACTION;
USE `goldfishv2`;
INSERT INTO `goldfishv2`.`gf_files` (`id`, `storage_id`, `path`, `path_hash`, `parent`, `name`, `mimetype`, `mimepart`, `size`, `mtime`, `storage_mtime`, `encrypted`, `unencrypted_size`, `etag`, `permissions`, `checksum`, `updated_at`, `created_at`) VALUES (1,1,'','5fec80051203937854109294db2bc638',-1,'',2,1,5809166,1507234318,1507234313,0,0,'59d6920e6dabe',23,'', now(), now());
INSERT INTO `goldfishv2`.`gf_files` (`id`, `storage_id`, `path`, `path_hash`, `parent`, `name`, `mimetype`, `mimepart`, `size`, `mtime`, `storage_mtime`, `encrypted`, `unencrypted_size`, `etag`, `permissions`, `checksum`, `updated_at`, `created_at`) VALUES (2,1,'cache','adacb950169892fd4717f8a910a99101',1,'cache',2,1,0,1507234312,1507234312,0,0,'59d69208d0bc3',31,'', now(), now());
INSERT INTO `goldfishv2`.`gf_files` (`id`, `storage_id`, `path`, `path_hash`, `parent`, `name`, `mimetype`, `mimepart`, `size`, `mtime`, `storage_mtime`, `encrypted`, `unencrypted_size`, `etag`, `permissions`, `checksum`, `updated_at`, `created_at`) VALUES (3,1,'files','7afa92ca5527a22fbb49856e03be1555',1,'files',2,1,0,1507740358,1507740358,0,0,'59de4ac6d513c',31,NULL, now(), now());
INSERT INTO `goldfishv2`.`gf_files` (`id`, `storage_id`, `path`, `path_hash`, `parent`, `name`, `mimetype`, `mimepart`, `size`, `mtime`, `storage_mtime`, `encrypted`, `unencrypted_size`, `etag`, `permissions`, `checksum`, `updated_at`, `created_at`) VALUES (4,1,'files/Documents','fea84d082b595a13f1795593fe1ad48e',3,'Documents',2,0,0,1,1,0,0,NULL,65,NULL, now(), now());
INSERT INTO `goldfishv2`.`gf_files` (`id`, `storage_id`, `path`, `path_hash`, `parent`, `name`, `mimetype`, `mimepart`, `size`, `mtime`, `storage_mtime`, `encrypted`, `unencrypted_size`, `etag`, `permissions`, `checksum`, `updated_at`, `created_at`) VALUES (5,1,'files/Photos','47ac79fa5217a2d694e22fff6adf8e38',3,'Photo',2,0,0,1,1,0,0,NULL,65,NULL, now(), now());
INSERT INTO `goldfishv2`.`gf_files` (`id`, `storage_id`, `path`, `path_hash`, `parent`, `name`, `mimetype`, `mimepart`, `size`, `mtime`, `storage_mtime`, `encrypted`, `unencrypted_size`, `etag`, `permissions`, `checksum`, `updated_at`, `created_at`) VALUES (6,1,'files/Manual-Backbone.pdf','300aecbffdc682cb5a6061cbaa7384fa',3,'Manual-Backbone.pdf',4,0,0,1,1,0,0,NULL,65,NULL, now(), now());
INSERT INTO `goldfishv2`.`gf_files` (`id`, `storage_id`, `path`, `path_hash`, `parent`, `name`, `mimetype`, `mimepart`, `size`, `mtime`, `storage_mtime`, `encrypted`, `unencrypted_size`, `etag`, `permissions`, `checksum`, `updated_at`, `created_at`) VALUES (7,1,'files/Documents/recetas.doc','0246da15081265c70d3cbb11b441e923',4,'recetas.doc',16,0,435712,1,1,0,0,NULL,65,NULL, now(), now());
INSERT INTO `goldfishv2`.`gf_files` (`id`, `storage_id`, `path`, `path_hash`, `parent`, `name`, `mimetype`, `mimepart`, `size`, `mtime`, `storage_mtime`, `encrypted`, `unencrypted_size`, `etag`, `permissions`, `checksum`, `updated_at`, `created_at`) VALUES (8,1,'files/Photos/backbone.png','b271093a4cd3b61d5807fe1c3f24edcd',5,'backbone.png',8,0,11985,1,1,0,0,NULL,65,NULL, now(), now());
INSERT INTO `goldfishv2`.`gf_files` (`id`, `storage_id`, `path`, `path_hash`, `parent`, `name`, `mimetype`, `mimepart`, `size`, `mtime`, `storage_mtime`, `encrypted`, `unencrypted_size`, `etag`, `permissions`, `checksum`, `updated_at`, `created_at`) VALUES (9,1,'files_trashbin','d5471bc74c06a4dd20b605f2f8ef2eb6',1,'files_trashbin',2,1,228761,1507740359,1507740358,0,0,'59de4ac7af04a',31,'', now(), now());
INSERT INTO `goldfishv2`.`gf_files` (`id`, `storage_id`, `path`, `path_hash`, `parent`, `name`, `mimetype`, `mimepart`, `size`, `mtime`, `storage_mtime`, `encrypted`, `unencrypted_size`, `etag`, `permissions`, `checksum`, `updated_at`, `created_at`) VALUES (10,1,'files_trashbin/files','648f3de19aa6719064e82dd3daa1e0cb',9,'files',2,1,228761,1507740359,1507740359,0,0,'59de4ac7af04a',31,'', now(), now());
INSERT INTO `goldfishv2`.`gf_files` (`id`, `storage_id`, `path`, `path_hash`, `parent`, `name`, `mimetype`, `mimepart`, `size`, `mtime`, `storage_mtime`, `encrypted`, `unencrypted_size`, `etag`, `permissions`, `checksum`, `updated_at`, `created_at`) VALUES (11,2,'','03fd318acf05de90208d9af5d8dae05c',-1,'',2,0,0,1,1,0,0,NULL,65,NULL, now(), now());
INSERT INTO `goldfishv2`.`gf_files` (`id`, `storage_id`, `path`, `path_hash`, `parent`, `name`, `mimetype`, `mimepart`, `size`, `mtime`, `storage_mtime`, `encrypted`, `unencrypted_size`, `etag`, `permissions`, `checksum`, `updated_at`, `created_at`) VALUES (12,2,'cache','721653c4fe3f40de3ce86631a7e472a3',11,'cache',2,0,0,1,1,0,0,NULL,65,NULL, now(), now());
INSERT INTO `goldfishv2`.`gf_files` (`id`, `storage_id`, `path`, `path_hash`, `parent`, `name`, `mimetype`, `mimepart`, `size`, `mtime`, `storage_mtime`, `encrypted`, `unencrypted_size`, `etag`, `permissions`, `checksum`, `updated_at`, `created_at`) VALUES (13,2,'files','0ff6ee328dd79ab1b894bbda0c6ca157',11,'files',2,0,0,1,1,0,0,NULL,65,NULL, now(), now());
INSERT INTO `goldfishv2`.`gf_files` (`id`, `storage_id`, `path`, `path_hash`, `parent`, `name`, `mimetype`, `mimepart`, `size`, `mtime`, `storage_mtime`, `encrypted`, `unencrypted_size`, `etag`, `permissions`, `checksum`, `updated_at`, `created_at`) VALUES (14,2,'files/Documents','f835177f3345d757a108ef453f5a0e32',13,'Documents',2,0,0,1,1,0,0,NULL,65,NULL, now(), now());
INSERT INTO `goldfishv2`.`gf_files` (`id`, `storage_id`, `path`, `path_hash`, `parent`, `name`, `mimetype`, `mimepart`, `size`, `mtime`, `storage_mtime`, `encrypted`, `unencrypted_size`, `etag`, `permissions`, `checksum`, `updated_at`, `created_at`) VALUES (15,2,'files/Documents/recetas.doc','07126da6a23096192124ce31d19f256f',14,'recetas.doc',16,0,435712,1,1,0,0,NULL,65,NULL, now(), now());
INSERT INTO `goldfishv2`.`gf_files` (`id`, `storage_id`, `path`, `path_hash`, `parent`, `name`, `mimetype`, `mimepart`, `size`, `mtime`, `storage_mtime`, `encrypted`, `unencrypted_size`, `etag`, `permissions`, `checksum`, `updated_at`, `created_at`) VALUES (16,2,'files/Manual-Backbone.pdf','84bbce7cd3ff8c9d83608f65eb6b6ba4',13,'Manual-Backbone.pdf',4,0,665654,1,1,0,0,NULL,65,NULL, now(), now());
INSERT INTO `goldfishv2`.`gf_files` (`id`, `storage_id`, `path`, `path_hash`, `parent`, `name`, `mimetype`, `mimepart`, `size`, `mtime`, `storage_mtime`, `encrypted`, `unencrypted_size`, `etag`, `permissions`, `checksum`, `updated_at`, `created_at`) VALUES (17,2,'files/Photos','5fae7f3991cddb56138d9569f8ce982c',13,'Photos',2,0,0,1,1,0,0,NULL,65,NULL, now(), now());
INSERT INTO `goldfishv2`.`gf_files` (`id`, `storage_id`, `path`, `path_hash`, `parent`, `name`, `mimetype`, `mimepart`, `size`, `mtime`, `storage_mtime`, `encrypted`, `unencrypted_size`, `etag`, `permissions`, `checksum`, `updated_at`, `created_at`) VALUES (18,2,'files/Photos/backbone.png','1af713650cdf0e183954ef8f881ca92b',17,'backbone.png',8,0,37101,1,1,0,0,NULL,65,NULL, now(), now());
INSERT INTO `goldfishv2`.`gf_files` (`id`, `storage_id`, `path`, `path_hash`, `parent`, `name`, `mimetype`, `mimepart`, `size`, `mtime`, `storage_mtime`, `encrypted`, `unencrypted_size`, `etag`, `permissions`, `checksum`, `updated_at`, `created_at`) VALUES (19,2,'files_trashbin','acadf9a03d5183c70dc24bd98c95f501',11,'files_trashbin',2,0,0,1,1,0,0,NULL,65,NULL, now(), now());
INSERT INTO `goldfishv2`.`gf_files` (`id`, `storage_id`, `path`, `path_hash`, `parent`, `name`, `mimetype`, `mimepart`, `size`, `mtime`, `storage_mtime`, `encrypted`, `unencrypted_size`, `etag`, `permissions`, `checksum`, `updated_at`, `created_at`) VALUES (20,2,'files_trashbin/files','9f0e9cddfb6cccb1ec4c4e0b9d3f89ab',19,'files',2,0,0,1,1,0,0,NULL,65,NULL, now(), now());
INSERT INTO `goldfishv2`.`gf_files` (`id`, `storage_id`, `path`, `path_hash`, `parent`, `name`, `mimetype`, `mimepart`, `size`, `mtime`, `storage_mtime`, `encrypted`, `unencrypted_size`, `etag`, `permissions`, `checksum`, `updated_at`, `created_at`) VALUES (21,3,'','b3aef922e07a6b0cb444930566bb4a82',-1,'',2,0,0,1,1,0,0,NULL,65,NULL, now(), now());
INSERT INTO `goldfishv2`.`gf_files` (`id`, `storage_id`, `path`, `path_hash`, `parent`, `name`, `mimetype`, `mimepart`, `size`, `mtime`, `storage_mtime`, `encrypted`, `unencrypted_size`, `etag`, `permissions`, `checksum`, `updated_at`, `created_at`) VALUES (22,3,'cache','46f6e84325f97b159ad9a2deff717279',21,'cache',2,0,0,1,1,0,0,NULL,65,NULL, now(), now());
INSERT INTO `goldfishv2`.`gf_files` (`id`, `storage_id`, `path`, `path_hash`, `parent`, `name`, `mimetype`, `mimepart`, `size`, `mtime`, `storage_mtime`, `encrypted`, `unencrypted_size`, `etag`, `permissions`, `checksum`, `updated_at`, `created_at`) VALUES (23,3,'files','b53d797d0113d7e32e901eaf9c831377',21,'files',2,0,0,1,1,0,0,NULL,65,NULL, now(), now());
INSERT INTO `goldfishv2`.`gf_files` (`id`, `storage_id`, `path`, `path_hash`, `parent`, `name`, `mimetype`, `mimepart`, `size`, `mtime`, `storage_mtime`, `encrypted`, `unencrypted_size`, `etag`, `permissions`, `checksum`, `updated_at`, `created_at`) VALUES (24,3,'files/Documents','6cf49b1918766101a1475a1f88825c4d',23,'Documents',2,0,0,1,1,0,0,NULL,65,NULL, now(), now());
INSERT INTO `goldfishv2`.`gf_files` (`id`, `storage_id`, `path`, `path_hash`, `parent`, `name`, `mimetype`, `mimepart`, `size`, `mtime`, `storage_mtime`, `encrypted`, `unencrypted_size`, `etag`, `permissions`, `checksum`, `updated_at`, `created_at`) VALUES (25,3,'files/Documents/recetas.doc','5855977670a2c7afca3c272c72971371',24,'recetas.doc',16,0,435712,1,1,0,0,NULL,65,NULL, now(), now());
INSERT INTO `goldfishv2`.`gf_files` (`id`, `storage_id`, `path`, `path_hash`, `parent`, `name`, `mimetype`, `mimepart`, `size`, `mtime`, `storage_mtime`, `encrypted`, `unencrypted_size`, `etag`, `permissions`, `checksum`, `updated_at`, `created_at`) VALUES (26,3,'files/Manual-Backbone.pdf','5bffd0294851925e12f5b473f8aa520e',23,'Manual-Backbone.pdf',4,0,665654,1,1,0,0,NULL,65,NULL, now(), now());
INSERT INTO `goldfishv2`.`gf_files` (`id`, `storage_id`, `path`, `path_hash`, `parent`, `name`, `mimetype`, `mimepart`, `size`, `mtime`, `storage_mtime`, `encrypted`, `unencrypted_size`, `etag`, `permissions`, `checksum`, `updated_at`, `created_at`) VALUES (27,3,'files/Photos','cd7096ca2de7473d4015aa5b5a2c87b9',23,'Photos',2,0,0,1,1,0,0,NULL,65,NULL, now(), now());
INSERT INTO `goldfishv2`.`gf_files` (`id`, `storage_id`, `path`, `path_hash`, `parent`, `name`, `mimetype`, `mimepart`, `size`, `mtime`, `storage_mtime`, `encrypted`, `unencrypted_size`, `etag`, `permissions`, `checksum`, `updated_at`, `created_at`) VALUES (28,3,'files/Photos/backbone.png','de71397c77adef1bb6daa0d94f3da845',27,'backbone.png',8,0,37101,1,1,0,0,NULL,65,NULL, now(), now());
INSERT INTO `goldfishv2`.`gf_files` (`id`, `storage_id`, `path`, `path_hash`, `parent`, `name`, `mimetype`, `mimepart`, `size`, `mtime`, `storage_mtime`, `encrypted`, `unencrypted_size`, `etag`, `permissions`, `checksum`, `updated_at`, `created_at`) VALUES (29,3,'files_trashbin','3074ab1638c5c5f0cd1ddd0dad36892a',21,'files_trashbin',2,0,0,1,1,0,0,NULL,65,NULL, now(), now());
INSERT INTO `goldfishv2`.`gf_files` (`id`, `storage_id`, `path`, `path_hash`, `parent`, `name`, `mimetype`, `mimepart`, `size`, `mtime`, `storage_mtime`, `encrypted`, `unencrypted_size`, `etag`, `permissions`, `checksum`, `updated_at`, `created_at`) VALUES (30,3,'files_trashbin/files','7b58ca28dbc6e7951bae73b01e8d02a1',29,'files',2,0,0,1,1,0,0,NULL,65,NULL, now(), now());

COMMIT;


-- -----------------------------------------------------
-- Data for table `goldfishv2`.`gf_tags`
-- -----------------------------------------------------
START TRANSACTION;
USE `goldfishv2`;
INSERT INTO `goldfishv2`.`gf_tags` (`id`, `type`, `status`, `name`, `key`, `updated_at`, `created_at`) VALUES (1, 1, 1, 'animal', 'animal', now(), now());
INSERT INTO `goldfishv2`.`gf_tags` (`id`, `type`, `status`, `name`, `key`, `updated_at`, `created_at`) VALUES (2, 1, 1, 'imagen', 'image', now(), now());
INSERT INTO `goldfishv2`.`gf_tags` (`id`, `type`, `status`, `name`, `key`, `updated_at`, `created_at`) VALUES (3, 1, 1, 'avatar', 'avatar', now(), now());
INSERT INTO `goldfishv2`.`gf_tags` (`id`, `type`, `status`, `name`, `key`, `updated_at`, `created_at`) VALUES (4, 1, 1, 'icono', 'icon', now(), now());
INSERT INTO `goldfishv2`.`gf_tags` (`id`, `type`, `status`, `name`, `key`, `updated_at`, `created_at`) VALUES (5, 1, 1, 'animacion', 'animation', now(), now());
INSERT INTO `goldfishv2`.`gf_tags` (`id`, `type`, `status`, `name`, `key`, `updated_at`, `created_at`) VALUES (6, 1, 1, 'juego', 'game', now(), now());
INSERT INTO `goldfishv2`.`gf_tags` (`id`, `type`, `status`, `name`, `key`, `updated_at`, `created_at`) VALUES (7, 1, 1, 'fondo', 'background', now(), now());
INSERT INTO `goldfishv2`.`gf_tags` (`id`, `type`, `status`, `name`, `key`, `updated_at`, `created_at`) VALUES (8, 1, 1, 'botones', 'button', now(), now());
INSERT INTO `goldfishv2`.`gf_tags` (`id`, `type`, `status`, `name`, `key`, `updated_at`, `created_at`) VALUES (9, 1, 1, 'multimedia', 'multimedia', now(), now());
INSERT INTO `goldfishv2`.`gf_tags` (`id`, `type`, `status`, `name`, `key`, `updated_at`, `created_at`) VALUES (10, 1, 1, 'plantillas', 'template', now(), now());
INSERT INTO `goldfishv2`.`gf_tags` (`id`, `type`, `status`, `name`, `key`, `updated_at`, `created_at`) VALUES (11, 1, 1, 'navegación', 'navigation', now(), now());

COMMIT;


-- -----------------------------------------------------
-- Data for table `goldfishv2`.`gf_files_tags`
-- -----------------------------------------------------
START TRANSACTION;
USE `goldfishv2`;
INSERT INTO `goldfishv2`.`gf_files_tags` (`id`, `file_id`, `tag_id`, `updated_at`, `created_at`) VALUES (1, 6, 1, now(), now());
INSERT INTO `goldfishv2`.`gf_files_tags` (`id`, `file_id`, `tag_id`, `updated_at`, `created_at`) VALUES (2, 6, 2, now(), now());
INSERT INTO `goldfishv2`.`gf_files_tags` (`id`, `file_id`, `tag_id`, `updated_at`, `created_at`) VALUES (3, 6, 3, now(), now());
INSERT INTO `goldfishv2`.`gf_files_tags` (`id`, `file_id`, `tag_id`, `updated_at`, `created_at`) VALUES (4, 6, 4, now(), now());
INSERT INTO `goldfishv2`.`gf_files_tags` (`id`, `file_id`, `tag_id`, `updated_at`, `created_at`) VALUES (5, 6, 5, now(), now());
INSERT INTO `goldfishv2`.`gf_files_tags` (`id`, `file_id`, `tag_id`, `updated_at`, `created_at`) VALUES (6, 7, 6, now(), now());
INSERT INTO `goldfishv2`.`gf_files_tags` (`id`, `file_id`, `tag_id`, `updated_at`, `created_at`) VALUES (7, 7, 7, now(), now());
INSERT INTO `goldfishv2`.`gf_files_tags` (`id`, `file_id`, `tag_id`, `updated_at`, `created_at`) VALUES (8, 7, 8, now(), now());
INSERT INTO `goldfishv2`.`gf_files_tags` (`id`, `file_id`, `tag_id`, `updated_at`, `created_at`) VALUES (9, 8, 9, now(), now());
INSERT INTO `goldfishv2`.`gf_files_tags` (`id`, `file_id`, `tag_id`, `updated_at`, `created_at`) VALUES (10, 8, 10, now(), now());
INSERT INTO `goldfishv2`.`gf_files_tags` (`id`, `file_id`, `tag_id`, `updated_at`, `created_at`) VALUES (11, 8, 11, now(), now());
INSERT INTO `goldfishv2`.`gf_files_tags` (`id`, `file_id`, `tag_id`, `updated_at`, `created_at`) VALUES (12, 16, 1, now(), now());
INSERT INTO `goldfishv2`.`gf_files_tags` (`id`, `file_id`, `tag_id`, `updated_at`, `created_at`) VALUES (13, 16, 2, now(), now());
INSERT INTO `goldfishv2`.`gf_files_tags` (`id`, `file_id`, `tag_id`, `updated_at`, `created_at`) VALUES (14, 16, 3, now(), now());
INSERT INTO `goldfishv2`.`gf_files_tags` (`id`, `file_id`, `tag_id`, `updated_at`, `created_at`) VALUES (15, 16, 4, now(), now());
INSERT INTO `goldfishv2`.`gf_files_tags` (`id`, `file_id`, `tag_id`, `updated_at`, `created_at`) VALUES (16, 16, 5, now(), now());
INSERT INTO `goldfishv2`.`gf_files_tags` (`id`, `file_id`, `tag_id`, `updated_at`, `created_at`) VALUES (17, 17, 6, now(), now());
INSERT INTO `goldfishv2`.`gf_files_tags` (`id`, `file_id`, `tag_id`, `updated_at`, `created_at`) VALUES (18, 17, 7, now(), now());
INSERT INTO `goldfishv2`.`gf_files_tags` (`id`, `file_id`, `tag_id`, `updated_at`, `created_at`) VALUES (19, 17, 8, now(), now());
INSERT INTO `goldfishv2`.`gf_files_tags` (`id`, `file_id`, `tag_id`, `updated_at`, `created_at`) VALUES (20, 18, 9, now(), now());
INSERT INTO `goldfishv2`.`gf_files_tags` (`id`, `file_id`, `tag_id`, `updated_at`, `created_at`) VALUES (21, 18, 10, now(), now());
INSERT INTO `goldfishv2`.`gf_files_tags` (`id`, `file_id`, `tag_id`, `updated_at`, `created_at`) VALUES (22, 18, 11, now(), now());
INSERT INTO `goldfishv2`.`gf_files_tags` (`id`, `file_id`, `tag_id`, `updated_at`, `created_at`) VALUES (23, 26, 1, now(), now());
INSERT INTO `goldfishv2`.`gf_files_tags` (`id`, `file_id`, `tag_id`, `updated_at`, `created_at`) VALUES (24, 26, 2, now(), now());
INSERT INTO `goldfishv2`.`gf_files_tags` (`id`, `file_id`, `tag_id`, `updated_at`, `created_at`) VALUES (25, 26, 3, now(), now());
INSERT INTO `goldfishv2`.`gf_files_tags` (`id`, `file_id`, `tag_id`, `updated_at`, `created_at`) VALUES (26, 26, 4, now(), now());
INSERT INTO `goldfishv2`.`gf_files_tags` (`id`, `file_id`, `tag_id`, `updated_at`, `created_at`) VALUES (27, 26, 5, now(), now());
INSERT INTO `goldfishv2`.`gf_files_tags` (`id`, `file_id`, `tag_id`, `updated_at`, `created_at`) VALUES (28, 27, 6, now(), now());
INSERT INTO `goldfishv2`.`gf_files_tags` (`id`, `file_id`, `tag_id`, `updated_at`, `created_at`) VALUES (29, 27, 7, now(), now());
INSERT INTO `goldfishv2`.`gf_files_tags` (`id`, `file_id`, `tag_id`, `updated_at`, `created_at`) VALUES (30, 27, 8, now(), now());
INSERT INTO `goldfishv2`.`gf_files_tags` (`id`, `file_id`, `tag_id`, `updated_at`, `created_at`) VALUES (31, 28, 9, now(), now());
INSERT INTO `goldfishv2`.`gf_files_tags` (`id`, `file_id`, `tag_id`, `updated_at`, `created_at`) VALUES (32, 28, 10, now(), now());
INSERT INTO `goldfishv2`.`gf_files_tags` (`id`, `file_id`, `tag_id`, `updated_at`, `created_at`) VALUES (33, 28, 11, now(), now());

COMMIT;


-- -----------------------------------------------------
-- Data for table `goldfishv2`.`gf_files_share`
-- -----------------------------------------------------
START TRANSACTION;
USE `goldfishv2`;
INSERT INTO `goldfishv2`.`gf_files_share` (`id`, `file_id`, `owner_id`, `shared_id`, `initiator_id`, `share_expiration`, `share_type`, `share_edit`, `share_details`, `share_others`, `share_status`, `mail_send`, `share_name`, `share_hash`, `updated_at`, `created_at`) VALUES (1, 26, 3, 2, 3, NULL, 1, 1, 0, 0, 1, 1, '', '5bffd0294851925e12f5b473f8aa520e', now(), now());
INSERT INTO `goldfishv2`.`gf_files_share` (`id`, `file_id`, `owner_id`, `shared_id`, `initiator_id`, `share_expiration`, `share_type`, `share_edit`, `share_details`, `share_others`, `share_status`, `mail_send`, `share_name`, `share_hash`, `updated_at`, `created_at`) VALUES (2, 17, 2, 3, 2, NULL, 1, 1, 0, 0, 1, 1, '', '5fae7f3991cddb56138d9569f8ce982c', now(), now());

COMMIT;